,cust_id,gender
0,3500,0
1,3501,0
2,3502,0
3,3503,0
4,3504,0
5,3505,0
6,3506,0
7,3507,1
8,3508,0
9,3509,0
10,3510,0
11,3511,0
12,3512,0
13,3513,0
14,3514,1
15,3515,0
16,3516,0
17,3517,0
18,3518,0
19,3519,0
20,3520,0
21,3521,0
22,3522,1
23,3523,0
24,3524,0
25,3525,1
26,3526,0
27,3527,0
28,3528,0
29,3529,0
30,3530,0
31,3531,0
32,3532,0
33,3533,0
34,3534,0
35,3535,0
36,3536,0
37,3537,0
38,3538,0
39,3539,1
40,3540,0
41,3541,0
42,3542,0
43,3543,0
44,3544,0
45,3545,0
46,3546,0
47,3547,0
48,3548,1
49,3549,0
50,3550,0
51,3551,0
52,3552,0
53,3553,0
54,3554,0
55,3555,0
56,3556,1
57,3557,0
58,3558,0
59,3559,0
60,3560,1
61,3561,0
62,3562,0
63,3563,0
64,3564,0
65,3565,0
66,3566,0
67,3567,1
68,3568,0
69,3569,0
70,3570,0
71,3571,0
72,3572,1
73,3573,0
74,3574,0
75,3575,1
76,3576,1
77,3577,0
78,3578,0
79,3579,0
80,3580,0
81,3581,1
82,3582,1
83,3583,0
84,3584,0
85,3585,0
86,3586,0
87,3587,0
88,3588,0
89,3589,0
90,3590,0
91,3591,0
92,3592,1
93,3593,1
94,3594,0
95,3595,1
96,3596,0
97,3597,0
98,3598,0
99,3599,1
100,3600,0
101,3601,0
102,3602,0
103,3603,0
104,3604,0
105,3605,0
106,3606,1
107,3607,0
108,3608,0
109,3609,0
110,3610,0
111,3611,1
112,3612,1
113,3613,0
114,3614,0
115,3615,0
116,3616,0
117,3617,1
118,3618,0
119,3619,0
120,3620,0
121,3621,0
122,3622,0
123,3623,0
124,3624,0
125,3625,1
126,3626,0
127,3627,0
128,3628,0
129,3629,0
130,3630,0
131,3631,1
132,3632,0
133,3633,0
134,3634,0
135,3635,0
136,3636,0
137,3637,0
138,3638,0
139,3639,0
140,3640,1
141,3641,0
142,3642,0
143,3643,0
144,3644,0
145,3645,0
146,3646,0
147,3647,0
148,3648,1
149,3649,0
150,3650,0
151,3651,0
152,3652,0
153,3653,0
154,3654,0
155,3655,0
156,3656,0
157,3657,0
158,3658,0
159,3659,0
160,3660,0
161,3661,0
162,3662,0
163,3663,1
164,3664,1
165,3665,0
166,3666,1
167,3667,0
168,3668,0
169,3669,1
170,3670,0
171,3671,1
172,3672,0
173,3673,0
174,3674,1
175,3675,1
176,3676,0
177,3677,0
178,3678,0
179,3679,0
180,3680,0
181,3681,1
182,3682,1
183,3683,0
184,3684,0
185,3685,0
186,3686,0
187,3687,0
188,3688,0
189,3689,1
190,3690,0
191,3691,0
192,3692,0
193,3693,0
194,3694,0
195,3695,1
196,3696,1
197,3697,0
198,3698,0
199,3699,0
200,3700,0
201,3701,0
202,3702,0
203,3703,1
204,3704,0
205,3705,1
206,3706,0
207,3707,0
208,3708,0
209,3709,0
210,3710,0
211,3711,0
212,3712,1
213,3713,0
214,3714,0
215,3715,0
216,3716,0
217,3717,0
218,3718,0
219,3719,0
220,3720,0
221,3721,1
222,3722,0
223,3723,0
224,3724,0
225,3725,0
226,3726,1
227,3727,0
228,3728,1
229,3729,1
230,3730,0
231,3731,0
232,3732,0
233,3733,0
234,3734,0
235,3735,0
236,3736,0
237,3737,0
238,3738,0
239,3739,1
240,3740,0
241,3741,1
242,3742,0
243,3743,0
244,3744,0
245,3745,0
246,3746,0
247,3747,0
248,3748,0
249,3749,0
250,3750,0
251,3751,1
252,3752,0
253,3753,1
254,3754,0
255,3755,1
256,3756,1
257,3757,0
258,3758,0
259,3759,0
260,3760,0
261,3761,0
262,3762,0
263,3763,0
264,3764,1
265,3765,0
266,3766,1
267,3767,0
268,3768,0
269,3769,0
270,3770,1
271,3771,0
272,3772,1
273,3773,0
274,3774,0
275,3775,1
276,3776,1
277,3777,0
278,3778,0
279,3779,0
280,3780,0
281,3781,0
282,3782,1
283,3783,0
284,3784,0
285,3785,1
286,3786,0
287,3787,0
288,3788,0
289,3789,0
290,3790,0
291,3791,0
292,3792,1
293,3793,0
294,3794,0
295,3795,0
296,3796,0
297,3797,0
298,3798,0
299,3799,0
300,3800,0
301,3801,0
302,3802,0
303,3803,0
304,3804,0
305,3805,1
306,3806,0
307,3807,0
308,3808,1
309,3809,0
310,3810,0
311,3811,1
312,3812,0
313,3813,1
314,3814,0
315,3815,1
316,3816,0
317,3817,0
318,3818,1
319,3819,0
320,3820,0
321,3821,1
322,3822,0
323,3823,0
324,3824,0
325,3825,1
326,3826,0
327,3827,0
328,3828,0
329,3829,0
330,3830,1
331,3831,0
332,3832,0
333,3833,0
334,3834,0
335,3835,0
336,3836,0
337,3837,0
338,3838,0
339,3839,0
340,3840,0
341,3841,0
342,3842,0
343,3843,0
344,3844,0
345,3845,0
346,3846,0
347,3847,0
348,3848,0
349,3849,1
350,3850,0
351,3851,0
352,3852,0
353,3853,1
354,3854,0
355,3855,0
356,3856,0
357,3857,0
358,3858,0
359,3859,0
360,3860,1
361,3861,0
362,3862,0
363,3863,0
364,3864,1
365,3865,0
366,3866,1
367,3867,1
368,3868,0
369,3869,0
370,3870,0
371,3871,0
372,3872,0
373,3873,0
374,3874,0
375,3875,0
376,3876,0
377,3877,0
378,3878,0
379,3879,0
380,3880,0
381,3881,0
382,3882,0
383,3883,0
384,3884,0
385,3885,0
386,3886,1
387,3887,0
388,3888,0
389,3889,0
390,3890,1
391,3891,0
392,3892,0
393,3893,0
394,3894,0
395,3895,0
396,3896,0
397,3897,0
398,3898,1
399,3899,0
400,3900,1
401,3901,0
402,3902,0
403,3903,0
404,3904,0
405,3905,0
406,3906,0
407,3907,0
408,3908,0
409,3909,1
410,3910,0
411,3911,0
412,3912,1
413,3913,1
414,3914,0
415,3915,0
416,3916,0
417,3917,1
418,3918,1
419,3919,0
420,3920,0
421,3921,0
422,3922,0
423,3923,1
424,3924,1
425,3925,0
426,3926,0
427,3927,0
428,3928,1
429,3929,0
430,3930,0
431,3931,0
432,3932,1
433,3933,0
434,3934,0
435,3935,0
436,3936,0
437,3937,0
438,3938,0
439,3939,0
440,3940,1
441,3941,0
442,3942,0
443,3943,0
444,3944,0
445,3945,0
446,3946,0
447,3947,0
448,3948,0
449,3949,0
450,3950,0
451,3951,0
452,3952,0
453,3953,0
454,3954,1
455,3955,0
456,3956,0
457,3957,0
458,3958,0
459,3959,0
460,3960,1
461,3961,0
462,3962,1
463,3963,0
464,3964,0
465,3965,1
466,3966,0
467,3967,0
468,3968,1
469,3969,0
470,3970,0
471,3971,0
472,3972,1
473,3973,1
474,3974,0
475,3975,1
476,3976,0
477,3977,0
478,3978,1
479,3979,0
480,3980,0
481,3981,0
482,3982,0
483,3983,0
484,3984,0
485,3985,0
486,3986,0
487,3987,0
488,3988,0
489,3989,1
490,3990,0
491,3991,1
492,3992,0
493,3993,0
494,3994,0
495,3995,0
496,3996,0
497,3997,0
498,3998,1
499,3999,1
500,4000,0
501,4001,0
502,4002,0
503,4003,0
504,4004,0
505,4005,0
506,4006,1
507,4007,0
508,4008,0
509,4009,0
510,4010,0
511,4011,0
512,4012,0
513,4013,0
514,4014,0
515,4015,0
516,4016,0
517,4017,0
518,4018,0
519,4019,0
520,4020,0
521,4021,0
522,4022,0
523,4023,0
524,4024,0
525,4025,1
526,4026,1
527,4027,1
528,4028,0
529,4029,0
530,4030,0
531,4031,0
532,4032,0
533,4033,1
534,4034,0
535,4035,0
536,4036,0
537,4037,0
538,4038,0
539,4039,0
540,4040,0
541,4041,0
542,4042,0
543,4043,0
544,4044,0
545,4045,1
546,4046,0
547,4047,0
548,4048,1
549,4049,0
550,4050,0
551,4051,0
552,4052,0
553,4053,0
554,4054,0
555,4055,1
556,4056,1
557,4057,0
558,4058,0
559,4059,1
560,4060,0
561,4061,0
562,4062,0
563,4063,0
564,4064,1
565,4065,0
566,4066,0
567,4067,0
568,4068,0
569,4069,0
570,4070,0
571,4071,0
572,4072,0
573,4073,0
574,4074,0
575,4075,0
576,4076,0
577,4077,0
578,4078,0
579,4079,1
580,4080,0
581,4081,0
582,4082,0
583,4083,0
584,4084,1
585,4085,0
586,4086,1
587,4087,0
588,4088,0
589,4089,0
590,4090,0
591,4091,0
592,4092,0
593,4093,1
594,4094,0
595,4095,0
596,4096,1
597,4097,1
598,4098,0
599,4099,1
600,4100,1
601,4101,0
602,4102,0
603,4103,0
604,4104,0
605,4105,1
606,4106,0
607,4107,0
608,4108,0
609,4109,0
610,4110,0
611,4111,1
612,4112,0
613,4113,0
614,4114,0
615,4115,1
616,4116,1
617,4117,0
618,4118,0
619,4119,0
620,4120,0
621,4121,0
622,4122,0
623,4123,0
624,4124,1
625,4125,0
626,4126,0
627,4127,0
628,4128,0
629,4129,0
630,4130,0
631,4131,0
632,4132,0
633,4133,0
634,4134,0
635,4135,0
636,4136,0
637,4137,0
638,4138,0
639,4139,0
640,4140,0
641,4141,0
642,4142,0
643,4143,0
644,4144,1
645,4145,1
646,4146,0
647,4147,1
648,4148,0
649,4149,1
650,4150,0
651,4151,0
652,4152,0
653,4153,1
654,4154,0
655,4155,0
656,4156,0
657,4157,0
658,4158,0
659,4159,0
660,4160,1
661,4161,0
662,4162,0
663,4163,0
664,4164,1
665,4165,0
666,4166,0
667,4167,1
668,4168,0
669,4169,0
670,4170,0
671,4171,1
672,4172,0
673,4173,0
674,4174,1
675,4175,0
676,4176,0
677,4177,0
678,4178,0
679,4179,0
680,4180,0
681,4181,0
682,4182,0
683,4183,0
684,4184,0
685,4185,0
686,4186,0
687,4187,0
688,4188,1
689,4189,0
690,4190,0
691,4191,0
692,4192,1
693,4193,1
694,4194,0
695,4195,1
696,4196,1
697,4197,0
698,4198,0
699,4199,0
700,4200,0
701,4201,0
702,4202,0
703,4203,1
704,4204,1
705,4205,0
706,4206,0
707,4207,0
708,4208,0
709,4209,1
710,4210,0
711,4211,0
712,4212,0
713,4213,0
714,4214,0
715,4215,0
716,4216,0
717,4217,0
718,4218,0
719,4219,1
720,4220,1
721,4221,0
722,4222,0
723,4223,0
724,4224,0
725,4225,0
726,4226,1
727,4227,1
728,4228,0
729,4229,0
730,4230,1
731,4231,0
732,4232,0
733,4233,0
734,4234,0
735,4235,1
736,4236,0
737,4237,0
738,4238,1
739,4239,0
740,4240,0
741,4241,0
742,4242,0
743,4243,0
744,4244,0
745,4245,0
746,4246,1
747,4247,0
748,4248,0
749,4249,1
750,4250,0
751,4251,1
752,4252,0
753,4253,0
754,4254,0
755,4255,0
756,4256,0
757,4257,0
758,4258,1
759,4259,1
760,4260,0
761,4261,0
762,4262,0
763,4263,0
764,4264,0
765,4265,0
766,4266,0
767,4267,0
768,4268,0
769,4269,0
770,4270,0
771,4271,0
772,4272,0
773,4273,0
774,4274,1
775,4275,0
776,4276,1
777,4277,0
778,4278,0
779,4279,0
780,4280,0
781,4281,0
782,4282,0
783,4283,1
784,4284,1
785,4285,1
786,4286,0
787,4287,1
788,4288,0
789,4289,1
790,4290,0
791,4291,0
792,4292,0
793,4293,0
794,4294,0
795,4295,0
796,4296,1
797,4297,0
798,4298,0
799,4299,1
800,4300,0
801,4301,0
802,4302,0
803,4303,0
804,4304,0
805,4305,1
806,4306,0
807,4307,0
808,4308,0
809,4309,0
810,4310,0
811,4311,0
812,4312,0
813,4313,0
814,4314,0
815,4315,1
816,4316,0
817,4317,0
818,4318,0
819,4319,0
820,4320,0
821,4321,0
822,4322,0
823,4323,0
824,4324,0
825,4325,0
826,4326,0
827,4327,1
828,4328,0
829,4329,0
830,4330,0
831,4331,0
832,4332,1
833,4333,0
834,4334,0
835,4335,0
836,4336,1
837,4337,0
838,4338,1
839,4339,0
840,4340,0
841,4341,1
842,4342,1
843,4343,0
844,4344,0
845,4345,0
846,4346,0
847,4347,0
848,4348,0
849,4349,1
850,4350,0
851,4351,0
852,4352,0
853,4353,0
854,4354,0
855,4355,0
856,4356,1
857,4357,0
858,4358,0
859,4359,0
860,4360,1
861,4361,1
862,4362,0
863,4363,0
864,4364,0
865,4365,0
866,4366,0
867,4367,0
868,4368,0
869,4369,1
870,4370,0
871,4371,0
872,4372,0
873,4373,0
874,4374,0
875,4375,1
876,4376,0
877,4377,0
878,4378,0
879,4379,0
880,4380,0
881,4381,0
882,4382,0
883,4383,1
884,4384,0
885,4385,0
886,4386,0
887,4387,1
888,4388,1
889,4389,1
890,4390,0
891,4391,0
892,4392,1
893,4393,0
894,4394,0
895,4395,0
896,4396,0
897,4397,0
898,4398,1
899,4399,0
900,4400,0
901,4401,0
902,4402,0
903,4403,0
904,4404,0
905,4405,0
906,4406,0
907,4407,0
908,4408,0
909,4409,0
910,4410,0
911,4411,0
912,4412,0
913,4413,0
914,4414,1
915,4415,0
916,4416,0
917,4417,0
918,4418,0
919,4419,0
920,4420,0
921,4421,0
922,4422,0
923,4423,1
924,4424,1
925,4425,0
926,4426,0
927,4427,0
928,4428,0
929,4429,1
930,4430,1
931,4431,0
932,4432,1
933,4433,0
934,4434,0
935,4435,1
936,4436,0
937,4437,0
938,4438,0
939,4439,0
940,4440,0
941,4441,0
942,4442,0
943,4443,0
944,4444,1
945,4445,0
946,4446,0
947,4447,0
948,4448,0
949,4449,0
950,4450,0
951,4451,0
952,4452,1
953,4453,0
954,4454,1
955,4455,0
956,4456,0
957,4457,0
958,4458,0
959,4459,0
960,4460,0
961,4461,0
962,4462,1
963,4463,1
964,4464,0
965,4465,0
966,4466,1
967,4467,0
968,4468,0
969,4469,0
970,4470,0
971,4471,0
972,4472,0
973,4473,0
974,4474,0
975,4475,1
976,4476,0
977,4477,0
978,4478,1
979,4479,0
980,4480,0
981,4481,0
982,4482,0
983,4483,0
984,4484,1
985,4485,0
986,4486,0
987,4487,0
988,4488,0
989,4489,0
990,4490,0
991,4491,0
992,4492,1
993,4493,0
994,4494,0
995,4495,0
996,4496,0
997,4497,1
998,4498,0
999,4499,0
1000,4500,1
1001,4501,0
1002,4502,0
1003,4503,0
1004,4504,0
1005,4505,1
1006,4506,0
1007,4507,0
1008,4508,0
1009,4509,0
1010,4510,0
1011,4511,0
1012,4512,0
1013,4513,0
1014,4514,0
1015,4515,0
1016,4516,0
1017,4517,0
1018,4518,0
1019,4519,1
1020,4520,1
1021,4521,0
1022,4522,0
1023,4523,0
1024,4524,1
1025,4525,1
1026,4526,0
1027,4527,0
1028,4528,1
1029,4529,0
1030,4530,1
1031,4531,0
1032,4532,1
1033,4533,1
1034,4534,0
1035,4535,0
1036,4536,0
1037,4537,0
1038,4538,0
1039,4539,1
1040,4540,0
1041,4541,0
1042,4542,0
1043,4543,0
1044,4544,0
1045,4545,0
1046,4546,0
1047,4547,0
1048,4548,0
1049,4549,0
1050,4550,0
1051,4551,1
1052,4552,0
1053,4553,0
1054,4554,1
1055,4555,0
1056,4556,1
1057,4557,0
1058,4558,0
1059,4559,0
1060,4560,0
1061,4561,0
1062,4562,0
1063,4563,1
1064,4564,0
1065,4565,1
1066,4566,0
1067,4567,1
1068,4568,0
1069,4569,0
1070,4570,0
1071,4571,0
1072,4572,0
1073,4573,0
1074,4574,1
1075,4575,1
1076,4576,0
1077,4577,1
1078,4578,0
1079,4579,0
1080,4580,0
1081,4581,1
1082,4582,0
1083,4583,0
1084,4584,0
1085,4585,1
1086,4586,0
1087,4587,0
1088,4588,0
1089,4589,0
1090,4590,0
1091,4591,0
1092,4592,0
1093,4593,0
1094,4594,0
1095,4595,0
1096,4596,0
1097,4597,1
1098,4598,0
1099,4599,0
1100,4600,0
1101,4601,0
1102,4602,0
1103,4603,0
1104,4604,0
1105,4605,0
1106,4606,0
1107,4607,0
1108,4608,0
1109,4609,0
1110,4610,0
1111,4611,1
1112,4612,0
1113,4613,0
1114,4614,0
1115,4615,1
1116,4616,0
1117,4617,0
1118,4618,0
1119,4619,0
1120,4620,0
1121,4621,0
1122,4622,1
1123,4623,0
1124,4624,0
1125,4625,0
1126,4626,1
1127,4627,0
1128,4628,0
1129,4629,0
1130,4630,0
1131,4631,0
1132,4632,0
1133,4633,0
1134,4634,0
1135,4635,0
1136,4636,1
1137,4637,0
1138,4638,0
1139,4639,0
1140,4640,0
1141,4641,0
1142,4642,0
1143,4643,0
1144,4644,0
1145,4645,1
1146,4646,0
1147,4647,0
1148,4648,1
1149,4649,0
1150,4650,0
1151,4651,0
1152,4652,0
1153,4653,0
1154,4654,0
1155,4655,0
1156,4656,0
1157,4657,0
1158,4658,0
1159,4659,1
1160,4660,0
1161,4661,0
1162,4662,0
1163,4663,0
1164,4664,0
1165,4665,1
1166,4666,0
1167,4667,0
1168,4668,0
1169,4669,0
1170,4670,0
1171,4671,0
1172,4672,0
1173,4673,0
1174,4674,0
1175,4675,1
1176,4676,0
1177,4677,0
1178,4678,0
1179,4679,1
1180,4680,0
1181,4681,0
1182,4682,0
1183,4683,0
1184,4684,1
1185,4685,0
1186,4686,0
1187,4687,0
1188,4688,0
1189,4689,0
1190,4690,0
1191,4691,1
1192,4692,0
1193,4693,0
1194,4694,0
1195,4695,0
1196,4696,0
1197,4697,0
1198,4698,1
1199,4699,0
1200,4700,0
1201,4701,0
1202,4702,0
1203,4703,0
1204,4704,1
1205,4705,1
1206,4706,0
1207,4707,1
1208,4708,0
1209,4709,0
1210,4710,0
1211,4711,0
1212,4712,1
1213,4713,0
1214,4714,1
1215,4715,0
1216,4716,0
1217,4717,0
1218,4718,1
1219,4719,0
1220,4720,1
1221,4721,0
1222,4722,0
1223,4723,0
1224,4724,0
1225,4725,0
1226,4726,0
1227,4727,0
1228,4728,0
1229,4729,0
1230,4730,0
1231,4731,1
1232,4732,1
1233,4733,0
1234,4734,0
1235,4735,0
1236,4736,0
1237,4737,1
1238,4738,0
1239,4739,1
1240,4740,0
1241,4741,0
1242,4742,0
1243,4743,0
1244,4744,0
1245,4745,1
1246,4746,0
1247,4747,0
1248,4748,1
1249,4749,0
1250,4750,0
1251,4751,0
1252,4752,1
1253,4753,0
1254,4754,0
1255,4755,0
1256,4756,0
1257,4757,0
1258,4758,0
1259,4759,0
1260,4760,0
1261,4761,1
1262,4762,0
1263,4763,0
1264,4764,0
1265,4765,0
1266,4766,1
1267,4767,1
1268,4768,0
1269,4769,0
1270,4770,0
1271,4771,1
1272,4772,0
1273,4773,0
1274,4774,0
1275,4775,1
1276,4776,0
1277,4777,1
1278,4778,0
1279,4779,0
1280,4780,0
1281,4781,1
1282,4782,0
1283,4783,0
1284,4784,0
1285,4785,0
1286,4786,0
1287,4787,0
1288,4788,0
1289,4789,1
1290,4790,1
1291,4791,0
1292,4792,1
1293,4793,0
1294,4794,0
1295,4795,0
1296,4796,0
1297,4797,0
1298,4798,0
1299,4799,0
1300,4800,0
1301,4801,1
1302,4802,0
1303,4803,0
1304,4804,0
1305,4805,0
1306,4806,0
1307,4807,0
1308,4808,0
1309,4809,0
1310,4810,1
1311,4811,0
1312,4812,0
1313,4813,0
1314,4814,0
1315,4815,1
1316,4816,0
1317,4817,1
1318,4818,1
1319,4819,0
1320,4820,0
1321,4821,0
1322,4822,0
1323,4823,0
1324,4824,0
1325,4825,0
1326,4826,0
1327,4827,0
1328,4828,0
1329,4829,0
1330,4830,0
1331,4831,0
1332,4832,0
1333,4833,1
1334,4834,1
1335,4835,0
1336,4836,0
1337,4837,0
1338,4838,1
1339,4839,0
1340,4840,1
1341,4841,1
1342,4842,0
1343,4843,0
1344,4844,1
1345,4845,1
1346,4846,0
1347,4847,1
1348,4848,1
1349,4849,0
1350,4850,1
1351,4851,0
1352,4852,0
1353,4853,0
1354,4854,1
1355,4855,0
1356,4856,0
1357,4857,0
1358,4858,0
1359,4859,0
1360,4860,1
1361,4861,0
1362,4862,1
1363,4863,0
1364,4864,1
1365,4865,0
1366,4866,0
1367,4867,0
1368,4868,0
1369,4869,0
1370,4870,0
1371,4871,0
1372,4872,0
1373,4873,0
1374,4874,0
1375,4875,0
1376,4876,0
1377,4877,1
1378,4878,1
1379,4879,0
1380,4880,0
1381,4881,0
1382,4882,1
1383,4883,1
1384,4884,1
1385,4885,0
1386,4886,0
1387,4887,0
1388,4888,0
1389,4889,0
1390,4890,1
1391,4891,0
1392,4892,0
1393,4893,1
1394,4894,0
1395,4895,0
1396,4896,1
1397,4897,1
1398,4898,0
1399,4899,0
1400,4900,0
1401,4901,0
1402,4902,0
1403,4903,0
1404,4904,0
1405,4905,0
1406,4906,1
1407,4907,0
1408,4908,0
1409,4909,0
1410,4910,0
1411,4911,1
1412,4912,1
1413,4913,0
1414,4914,1
1415,4915,0
1416,4916,0
1417,4917,0
1418,4918,0
1419,4919,0
1420,4920,1
1421,4921,1
1422,4922,0
1423,4923,0
1424,4924,0
1425,4925,0
1426,4926,1
1427,4927,0
1428,4928,0
1429,4929,0
1430,4930,0
1431,4931,0
1432,4932,0
1433,4933,0
1434,4934,1
1435,4935,0
1436,4936,0
1437,4937,0
1438,4938,0
1439,4939,0
1440,4940,1
1441,4941,0
1442,4942,0
1443,4943,0
1444,4944,0
1445,4945,1
1446,4946,1
1447,4947,0
1448,4948,0
1449,4949,0
1450,4950,1
1451,4951,0
1452,4952,0
1453,4953,0
1454,4954,0
1455,4955,1
1456,4956,1
1457,4957,0
1458,4958,1
1459,4959,0
1460,4960,0
1461,4961,0
1462,4962,1
1463,4963,0
1464,4964,0
1465,4965,0
1466,4966,1
1467,4967,1
1468,4968,0
1469,4969,0
1470,4970,0
1471,4971,0
1472,4972,0
1473,4973,0
1474,4974,0
1475,4975,0
1476,4976,0
1477,4977,0
1478,4978,0
1479,4979,1
1480,4980,0
1481,4981,0
1482,4982,0
1483,4983,0
1484,4984,1
1485,4985,0
1486,4986,0
1487,4987,1
1488,4988,0
1489,4989,1
1490,4990,0
1491,4991,0
1492,4992,0
1493,4993,0
1494,4994,0
1495,4995,0
1496,4996,0
1497,4997,1
1498,4998,0
1499,4999,0
1500,5000,0
1501,5001,1
1502,5002,0
1503,5003,0
1504,5004,0
1505,5005,0
1506,5006,0
1507,5007,1
1508,5008,0
1509,5009,0
1510,5010,0
1511,5011,1
1512,5012,0
1513,5013,1
1514,5014,0
1515,5015,0
1516,5016,1
1517,5017,0
1518,5018,0
1519,5019,0
1520,5020,0
1521,5021,0
1522,5022,1
1523,5023,0
1524,5024,0
1525,5025,1
1526,5026,1
1527,5027,0
1528,5028,0
1529,5029,1
1530,5030,0
1531,5031,0
1532,5032,1
1533,5033,0
1534,5034,1
1535,5035,0
1536,5036,0
1537,5037,0
1538,5038,0
1539,5039,0
1540,5040,0
1541,5041,0
1542,5042,0
1543,5043,0
1544,5044,1
1545,5045,0
1546,5046,0
1547,5047,0
1548,5048,0
1549,5049,0
1550,5050,0
1551,5051,0
1552,5052,0
1553,5053,1
1554,5054,1
1555,5055,1
1556,5056,0
1557,5057,0
1558,5058,0
1559,5059,0
1560,5060,1
1561,5061,0
1562,5062,0
1563,5063,1
1564,5064,0
1565,5065,0
1566,5066,0
1567,5067,0
1568,5068,0
1569,5069,0
1570,5070,0
1571,5071,1
1572,5072,0
1573,5073,1
1574,5074,0
1575,5075,0
1576,5076,1
1577,5077,0
1578,5078,0
1579,5079,0
1580,5080,0
1581,5081,0
1582,5082,0
1583,5083,0
1584,5084,0
1585,5085,0
1586,5086,0
1587,5087,0
1588,5088,1
1589,5089,0
1590,5090,0
1591,5091,0
1592,5092,0
1593,5093,0
1594,5094,0
1595,5095,0
1596,5096,0
1597,5097,0
1598,5098,0
1599,5099,0
1600,5100,0
1601,5101,0
1602,5102,0
1603,5103,0
1604,5104,0
1605,5105,0
1606,5106,1
1607,5107,1
1608,5108,0
1609,5109,1
1610,5110,1
1611,5111,1
1612,5112,0
1613,5113,0
1614,5114,0
1615,5115,1
1616,5116,0
1617,5117,0
1618,5118,0
1619,5119,0
1620,5120,0
1621,5121,0
1622,5122,0
1623,5123,1
1624,5124,1
1625,5125,0
1626,5126,0
1627,5127,0
1628,5128,1
1629,5129,0
1630,5130,0
1631,5131,0
1632,5132,0
1633,5133,0
1634,5134,0
1635,5135,0
1636,5136,0
1637,5137,0
1638,5138,0
1639,5139,0
1640,5140,0
1641,5141,0
1642,5142,0
1643,5143,0
1644,5144,1
1645,5145,0
1646,5146,0
1647,5147,0
1648,5148,1
1649,5149,1
1650,5150,0
1651,5151,1
1652,5152,1
1653,5153,0
1654,5154,1
1655,5155,0
1656,5156,0
1657,5157,0
1658,5158,0
1659,5159,1
1660,5160,1
1661,5161,0
1662,5162,1
1663,5163,0
1664,5164,0
1665,5165,0
1666,5166,0
1667,5167,0
1668,5168,0
1669,5169,1
1670,5170,0
1671,5171,0
1672,5172,0
1673,5173,1
1674,5174,0
1675,5175,0
1676,5176,0
1677,5177,0
1678,5178,0
1679,5179,1
1680,5180,0
1681,5181,1
1682,5182,0
1683,5183,0
1684,5184,0
1685,5185,0
1686,5186,1
1687,5187,0
1688,5188,0
1689,5189,1
1690,5190,0
1691,5191,0
1692,5192,0
1693,5193,0
1694,5194,1
1695,5195,0
1696,5196,0
1697,5197,0
1698,5198,0
1699,5199,0
1700,5200,1
1701,5201,0
1702,5202,0
1703,5203,0
1704,5204,0
1705,5205,0
1706,5206,0
1707,5207,0
1708,5208,1
1709,5209,1
1710,5210,0
1711,5211,0
1712,5212,0
1713,5213,0
1714,5214,1
1715,5215,0
1716,5216,0
1717,5217,0
1718,5218,0
1719,5219,0
1720,5220,1
1721,5221,1
1722,5222,0
1723,5223,0
1724,5224,0
1725,5225,1
1726,5226,0
1727,5227,0
1728,5228,0
1729,5229,0
1730,5230,0
1731,5231,0
1732,5232,1
1733,5233,0
1734,5234,0
1735,5235,1
1736,5236,0
1737,5237,0
1738,5238,0
1739,5239,0
1740,5240,0
1741,5241,1
1742,5242,0
1743,5243,0
1744,5244,0
1745,5245,0
1746,5246,1
1747,5247,0
1748,5248,0
1749,5249,0
1750,5250,0
1751,5251,1
1752,5252,0
1753,5253,0
1754,5254,1
1755,5255,0
1756,5256,0
1757,5257,1
1758,5258,0
1759,5259,0
1760,5260,0
1761,5261,0
1762,5262,0
1763,5263,0
1764,5264,0
1765,5265,0
1766,5266,0
1767,5267,0
1768,5268,0
1769,5269,0
1770,5270,0
1771,5271,0
1772,5272,1
1773,5273,1
1774,5274,0
1775,5275,0
1776,5276,0
1777,5277,0
1778,5278,0
1779,5279,0
1780,5280,1
1781,5281,0
1782,5282,0
1783,5283,0
1784,5284,0
1785,5285,0
1786,5286,0
1787,5287,0
1788,5288,0
1789,5289,0
1790,5290,0
1791,5291,0
1792,5292,0
1793,5293,1
1794,5294,0
1795,5295,0
1796,5296,0
1797,5297,0
1798,5298,0
1799,5299,0
1800,5300,0
1801,5301,0
1802,5302,0
1803,5303,1
1804,5304,1
1805,5305,0
1806,5306,0
1807,5307,0
1808,5308,0
1809,5309,0
1810,5310,0
1811,5311,0
1812,5312,0
1813,5313,0
1814,5314,1
1815,5315,0
1816,5316,0
1817,5317,0
1818,5318,1
1819,5319,0
1820,5320,0
1821,5321,1
1822,5322,0
1823,5323,1
1824,5324,0
1825,5325,0
1826,5326,0
1827,5327,0
1828,5328,0
1829,5329,1
1830,5330,0
1831,5331,0
1832,5332,0
1833,5333,0
1834,5334,1
1835,5335,0
1836,5336,0
1837,5337,0
1838,5338,0
1839,5339,0
1840,5340,0
1841,5341,0
1842,5342,0
1843,5343,0
1844,5344,1
1845,5345,0
1846,5346,0
1847,5347,1
1848,5348,0
1849,5349,0
1850,5350,0
1851,5351,0
1852,5352,0
1853,5353,0
1854,5354,1
1855,5355,1
1856,5356,1
1857,5357,0
1858,5358,0
1859,5359,0
1860,5360,1
1861,5361,0
1862,5362,0
1863,5363,1
1864,5364,0
1865,5365,0
1866,5366,0
1867,5367,0
1868,5368,0
1869,5369,0
1870,5370,0
1871,5371,0
1872,5372,0
1873,5373,0
1874,5374,0
1875,5375,0
1876,5376,0
1877,5377,1
1878,5378,0
1879,5379,0
1880,5380,1
1881,5381,0
1882,5382,0
1883,5383,0
1884,5384,0
1885,5385,0
1886,5386,0
1887,5387,0
1888,5388,0
1889,5389,0
1890,5390,0
1891,5391,0
1892,5392,1
1893,5393,0
1894,5394,0
1895,5395,0
1896,5396,0
1897,5397,0
1898,5398,0
1899,5399,0
1900,5400,0
1901,5401,1
1902,5402,0
1903,5403,0
1904,5404,0
1905,5405,0
1906,5406,0
1907,5407,0
1908,5408,0
1909,5409,0
1910,5410,1
1911,5411,1
1912,5412,1
1913,5413,0
1914,5414,0
1915,5415,0
1916,5416,0
1917,5417,1
1918,5418,0
1919,5419,0
1920,5420,1
1921,5421,0
1922,5422,0
1923,5423,0
1924,5424,1
1925,5425,0
1926,5426,0
1927,5427,1
1928,5428,0
1929,5429,0
1930,5430,0
1931,5431,0
1932,5432,0
1933,5433,1
1934,5434,0
1935,5435,0
1936,5436,0
1937,5437,0
1938,5438,1
1939,5439,1
1940,5440,1
1941,5441,0
1942,5442,1
1943,5443,0
1944,5444,0
1945,5445,0
1946,5446,0
1947,5447,0
1948,5448,1
1949,5449,0
1950,5450,1
1951,5451,0
1952,5452,0
1953,5453,0
1954,5454,0
1955,5455,0
1956,5456,1
1957,5457,0
1958,5458,0
1959,5459,1
1960,5460,1
1961,5461,0
1962,5462,0
1963,5463,1
1964,5464,0
1965,5465,0
1966,5466,0
1967,5467,0
1968,5468,0
1969,5469,0
1970,5470,0
1971,5471,0
1972,5472,0
1973,5473,0
1974,5474,0
1975,5475,0
1976,5476,0
1977,5477,0
1978,5478,0
1979,5479,0
1980,5480,0
1981,5481,0
1982,5482,0
1983,5483,0
1984,5484,0
1985,5485,1
1986,5486,0
1987,5487,0
1988,5488,0
1989,5489,0
1990,5490,0
1991,5491,0
1992,5492,0
1993,5493,0
1994,5494,0
1995,5495,0
1996,5496,1
1997,5497,0
1998,5498,0
1999,5499,0
2000,5500,0
2001,5501,1
2002,5502,0
2003,5503,0
2004,5504,0
2005,5505,0
2006,5506,0
2007,5507,0
2008,5508,0
2009,5509,0
2010,5510,0
2011,5511,0
2012,5512,0
2013,5513,1
2014,5514,0
2015,5515,0
2016,5516,0
2017,5517,0
2018,5518,1
2019,5519,1
2020,5520,0
2021,5521,0
2022,5522,1
2023,5523,0
2024,5524,0
2025,5525,1
2026,5526,0
2027,5527,0
2028,5528,1
2029,5529,0
2030,5530,0
2031,5531,0
2032,5532,0
2033,5533,0
2034,5534,0
2035,5535,0
2036,5536,0
2037,5537,0
2038,5538,1
2039,5539,1
2040,5540,0
2041,5541,1
2042,5542,1
2043,5543,0
2044,5544,0
2045,5545,0
2046,5546,0
2047,5547,0
2048,5548,0
2049,5549,0
2050,5550,0
2051,5551,0
2052,5552,0
2053,5553,1
2054,5554,0
2055,5555,0
2056,5556,0
2057,5557,1
2058,5558,0
2059,5559,0
2060,5560,0
2061,5561,0
2062,5562,1
2063,5563,0
2064,5564,0
2065,5565,0
2066,5566,0
2067,5567,0
2068,5568,0
2069,5569,0
2070,5570,0
2071,5571,0
2072,5572,0
2073,5573,0
2074,5574,0
2075,5575,0
2076,5576,0
2077,5577,0
2078,5578,0
2079,5579,0
2080,5580,1
2081,5581,0
2082,5582,0
2083,5583,0
2084,5584,0
2085,5585,0
2086,5586,0
2087,5587,1
2088,5588,0
2089,5589,1
2090,5590,0
2091,5591,0
2092,5592,0
2093,5593,0
2094,5594,0
2095,5595,0
2096,5596,0
2097,5597,1
2098,5598,0
2099,5599,0
2100,5600,0
2101,5601,0
2102,5602,0
2103,5603,1
2104,5604,0
2105,5605,1
2106,5606,0
2107,5607,0
2108,5608,0
2109,5609,0
2110,5610,1
2111,5611,0
2112,5612,0
2113,5613,0
2114,5614,1
2115,5615,0
2116,5616,0
2117,5617,0
2118,5618,0
2119,5619,0
2120,5620,0
2121,5621,0
2122,5622,0
2123,5623,0
2124,5624,0
2125,5625,0
2126,5626,0
2127,5627,0
2128,5628,1
2129,5629,0
2130,5630,0
2131,5631,0
2132,5632,0
2133,5633,0
2134,5634,0
2135,5635,0
2136,5636,1
2137,5637,0
2138,5638,0
2139,5639,0
2140,5640,1
2141,5641,1
2142,5642,0
2143,5643,0
2144,5644,1
2145,5645,0
2146,5646,0
2147,5647,0
2148,5648,0
2149,5649,0
2150,5650,0
2151,5651,0
2152,5652,0
2153,5653,1
2154,5654,0
2155,5655,0
2156,5656,1
2157,5657,0
2158,5658,0
2159,5659,1
2160,5660,0
2161,5661,0
2162,5662,0
2163,5663,0
2164,5664,0
2165,5665,0
2166,5666,1
2167,5667,0
2168,5668,0
2169,5669,0
2170,5670,0
2171,5671,0
2172,5672,0
2173,5673,0
2174,5674,0
2175,5675,0
2176,5676,0
2177,5677,0
2178,5678,1
2179,5679,0
2180,5680,0
2181,5681,0
2182,5682,0
2183,5683,0
2184,5684,1
2185,5685,0
2186,5686,0
2187,5687,1
2188,5688,1
2189,5689,0
2190,5690,0
2191,5691,0
2192,5692,1
2193,5693,0
2194,5694,0
2195,5695,0
2196,5696,1
2197,5697,0
2198,5698,0
2199,5699,0
2200,5700,0
2201,5701,0
2202,5702,0
2203,5703,0
2204,5704,0
2205,5705,0
2206,5706,1
2207,5707,0
2208,5708,1
2209,5709,1
2210,5710,0
2211,5711,0
2212,5712,0
2213,5713,0
2214,5714,1
2215,5715,1
2216,5716,0
2217,5717,0
2218,5718,0
2219,5719,0
2220,5720,0
2221,5721,0
2222,5722,0
2223,5723,0
2224,5724,0
2225,5725,0
2226,5726,0
2227,5727,0
2228,5728,0
2229,5729,0
2230,5730,0
2231,5731,0
2232,5732,0
2233,5733,0
2234,5734,1
2235,5735,0
2236,5736,0
2237,5737,1
2238,5738,0
2239,5739,0
2240,5740,0
2241,5741,0
2242,5742,1
2243,5743,0
2244,5744,0
2245,5745,0
2246,5746,0
2247,5747,0
2248,5748,0
2249,5749,0
2250,5750,0
2251,5751,1
2252,5752,0
2253,5753,0
2254,5754,1
2255,5755,0
2256,5756,0
2257,5757,1
2258,5758,0
2259,5759,1
2260,5760,0
2261,5761,0
2262,5762,0
2263,5763,0
2264,5764,0
2265,5765,0
2266,5766,0
2267,5767,0
2268,5768,0
2269,5769,1
2270,5770,1
2271,5771,0
2272,5772,0
2273,5773,0
2274,5774,1
2275,5775,1
2276,5776,0
2277,5777,1
2278,5778,1
2279,5779,0
2280,5780,1
2281,5781,0
2282,5782,1
2283,5783,0
2284,5784,0
2285,5785,0
2286,5786,1
2287,5787,1
2288,5788,1
2289,5789,0
2290,5790,0
2291,5791,0
2292,5792,0
2293,5793,0
2294,5794,0
2295,5795,0
2296,5796,0
2297,5797,0
2298,5798,0
2299,5799,1
2300,5800,0
2301,5801,0
2302,5802,1
2303,5803,0
2304,5804,1
2305,5805,1
2306,5806,0
2307,5807,1
2308,5808,0
2309,5809,0
2310,5810,0
2311,5811,0
2312,5812,0
2313,5813,0
2314,5814,0
2315,5815,0
2316,5816,0
2317,5817,1
2318,5818,1
2319,5819,1
2320,5820,1
2321,5821,0
2322,5822,1
2323,5823,0
2324,5824,0
2325,5825,0
2326,5826,0
2327,5827,0
2328,5828,0
2329,5829,0
2330,5830,0
2331,5831,0
2332,5832,0
2333,5833,0
2334,5834,0
2335,5835,0
2336,5836,1
2337,5837,1
2338,5838,1
2339,5839,0
2340,5840,0
2341,5841,0
2342,5842,0
2343,5843,0
2344,5844,0
2345,5845,0
2346,5846,0
2347,5847,0
2348,5848,1
2349,5849,0
2350,5850,0
2351,5851,0
2352,5852,0
2353,5853,0
2354,5854,0
2355,5855,0
2356,5856,0
2357,5857,0
2358,5858,0
2359,5859,0
2360,5860,0
2361,5861,0
2362,5862,0
2363,5863,0
2364,5864,0
2365,5865,0
2366,5866,0
2367,5867,0
2368,5868,0
2369,5869,1
2370,5870,0
2371,5871,0
2372,5872,0
2373,5873,0
2374,5874,0
2375,5875,0
2376,5876,1
2377,5877,1
2378,5878,0
2379,5879,0
2380,5880,1
2381,5881,1
2382,5882,0
2383,5883,0
2384,5884,0
2385,5885,0
2386,5886,0
2387,5887,1
2388,5888,0
2389,5889,1
2390,5890,1
2391,5891,1
2392,5892,1
2393,5893,0
2394,5894,0
2395,5895,0
2396,5896,0
2397,5897,0
2398,5898,0
2399,5899,0
2400,5900,0
2401,5901,0
2402,5902,0
2403,5903,0
2404,5904,0
2405,5905,0
2406,5906,0
2407,5907,0
2408,5908,1
2409,5909,0
2410,5910,0
2411,5911,0
2412,5912,0
2413,5913,0
2414,5914,0
2415,5915,0
2416,5916,0
2417,5917,1
2418,5918,1
2419,5919,1
2420,5920,0
2421,5921,0
2422,5922,0
2423,5923,1
2424,5924,0
2425,5925,0
2426,5926,0
2427,5927,1
2428,5928,0
2429,5929,0
2430,5930,1
2431,5931,0
2432,5932,1
2433,5933,0
2434,5934,0
2435,5935,0
2436,5936,0
2437,5937,0
2438,5938,0
2439,5939,0
2440,5940,0
2441,5941,0
2442,5942,0
2443,5943,1
2444,5944,0
2445,5945,0
2446,5946,0
2447,5947,0
2448,5948,1
2449,5949,0
2450,5950,0
2451,5951,0
2452,5952,0
2453,5953,0
2454,5954,0
2455,5955,1
2456,5956,0
2457,5957,0
2458,5958,0
2459,5959,0
2460,5960,0
2461,5961,0
2462,5962,0
2463,5963,0
2464,5964,1
2465,5965,0
2466,5966,1
2467,5967,1
2468,5968,1
2469,5969,1
2470,5970,0
2471,5971,1
2472,5972,0
2473,5973,0
2474,5974,1
2475,5975,0
2476,5976,0
2477,5977,0
2478,5978,1
2479,5979,0
2480,5980,0
2481,5981,0
